{
  "background": {
    "beige": 8.733333333333333,
    "track": 9.366666666666665,
    "boys club house": 9.566666666666666,
    "red": 10.366666666666667,
    "blue": 8.366666666666667,
    "beach": 10,
    "purple": 8.799999999999999,
    "sky": 8.666666666666668,
    "green": 8.866666666666667,
    "birddog": 8.9,
    "pizzeria": 8.366666666666667
  },
  "base": {
    "base": 100
  },
  "clothes": {
    "basketball 24": 4.633333333333333,
    "basketball 33": 4.633333333333333,
    "hilfiger": 5.133333333333334,
    "black suit": 5.1,
    "hoodie": 5.033333333333333,
    "blue stripes": 5.466666666666667,
    "ski onesie": 5.166666666666667,
    "surf": 4.766666666666667,
    "poncho": 4.933333333333334,
    "brown stripes": 5.3,
    "rash guard": 4.8,
    "basketball 23": 4.7,
    "blue swim suit": 5.466666666666667,
    "red swim suit": 4.733333333333333,
    "white suit": 5.2,
    "ed hardy": 4.8,
    "judo": 5.1,
    "hawaii": 5,
    "tshirt": 4.866666666666666,
    "polo": 5.166666666666667
  },
  "eyes": {
    "zinka": 14.6,
    "vipers": 13.833333333333334,
    "swimming goggles": 14.366666666666667,
    "stoned": 15.2,
    "rayban": 13.8,
    "goggles": 13.966666666666667,
    "normal": 14.233333333333334
  },
  "hand": {
    "none": 91.83333333333333,
    "pizza": 8.166666666666666
  },
  "hats": {
    "orange beanie": 9.166666666666666,
    "legionnaire": 8.533333333333333,
    "rambo": 9.433333333333334,
    "snapback black": 9.133333333333333,
    "snapback blue": 9.766666666666666,
    "brown beanie": 9.366666666666665,
    "blue beanie": 9.333333333333334,
    "saltwater denim hat": 9.066666666666666,
    "black beanie": 8.200000000000001,
    "red snapback": 9.666666666666666,
    "sombrero": 8.333333333333332
  },
  "mouth": {
    "none": 69.89999999999999,
    "joint": 30.099999999999998
  }
}